accuracy,precision_0,recall_0,f1_0,precision_1,recall_1,f1_1,auc_roc,gini
0.925,0.8947368421052632,0.9444444444444444,0.918918918918919,0.9523809523809523,0.9090909090909091,0.9302325581395349,0.98989898989899,0.9797979797979799
